pdb_id,nucleotide_composition_A,nucleotide_composition_U,nucleotide_composition_G,nucleotide_composition_C,gc_content,minimum_free_energy,atom_count,SMILES,Molecular Weight (g/mol),Hydrogen Bond Donors,Hydrogen Bond Acceptors,LogP,TPSA (Å²),Atom Count,Chiral Atom Count,num_electrostatic_contacts,avg_electrostatic_distance,num_vdw_contacts,avg_vdw_distance
2be0,0.19047619047619047,0.14285714285714285,0.3333333333333333,0.3333333333333333,0.6666666666666666,-4.6,898,C1[C@H]([C@@H]([C@H]([C@@H]([C@H]1N)O[C@@H]2[C@@H]([C@H]([C@@H]([C@H](O2)CO)O)O)N)O[C@H]3[C@@H]([C@@H]([C@H](O3)CO)O[C@@H]4[C@@H]([C@H]([C@@H]([C@@H](O4)CN)O)O)N)OCCNCC5=CN=CC=C5)O)N,749.3806994399998,13,21,-7.6526000000000245,361.23999999999995,52,19,130,4.166180150666733,348,3.511493330878007
1f27,0.2631578947368421,0.15789473684210525,0.3157894736842105,0.2631578947368421,0.5789473684210527,-4.3,634,O=C1CCC(N2C(C1=O)C(C(=O)NC2=O)C(=O)O)C,268.069536104,2,5,-1.0718999999999994,120.85000000000001,19,3,341,4.196058705976621,879,3.4721386289704075
4erl,0.20496894409937888,0.13664596273291926,0.39751552795031053,0.2608695652173913,0.6583850931677019,-77.5,3479,C(CCN)C[C@@H](C(=O)O)N,146.105527688,3,3,-0.47269999999999873,89.34,10,1,28,4.0965298890356365,154,3.493408455281327
6e84,0.19444444444444445,0.1111111111111111,0.4722222222222222,0.2222222222222222,0.6944444444444444,-9.1,785,C[N+]1=CC=C(C2=CC=CC=C21)CC3=[N+](C4=CC=CC=C4S3)C,306.11797241617995,0,1,3.2943000000000016,7.76,22,0,0,,77,3.633209012221444
1fyp,0.1111111111111111,0.18518518518518517,0.37037037037037035,0.3333333333333333,0.7037037037037037,-11.9,867,C[C@@H]1[C@H](C[C@H](C(O1)O)O)O,148.073558864,3,4,-1.1646000000000003,69.92,10,4,26,4.3263077474312635,496,3.361358521099044
3e5c,0.3076923076923077,0.15384615384615385,0.3269230769230769,0.21153846153846154,0.5384615384615384,-17.1,1123,C1=NC2=C(N1[C@H]3[C@@H]([C@@H]([C@H](O3)COP(=O)(O)OP(=O)(O)OP(=O)(O)O)O)O)N=C(NC2=O)N,522.9906600819999,8,14,-2.3357000000000006,299.09999999999997,32,6,215,4.101564153091353,615,3.484088847145529
2ktz,0.13157894736842105,0.2631578947368421,0.2894736842105263,0.3157894736842105,0.6052631578947368,-10.7,1210,C[NH+](C)CCC[N+]1=C(NC2=C1C3=C(C=C2)O[C@H](C3)C[NH+](C)C)N,320.24338984026997,4,2,-1.9797999999999947,63.8,23,1,7,3.8850804543431083,460,3.4412044477119688
1lvj,0.12903225806451613,0.1935483870967742,0.3548387096774194,0.3225806451612903,0.6774193548387096,-16.4,999,CC(=O)C1=CC2=C(C=C1)SC3=CC=CC=C3N2CCCN(C)C,326.14528432400004,0,4,4.443600000000004,23.550000000000004,23,0,0,,664,3.3186656155336407
4l81,0.23958333333333334,0.08333333333333333,0.375,0.3020833333333333,0.6770833333333334,-43.1,2075,C[S+](CC[C@@H](C(=O)[O-])N)C[C@@H]1[C@H]([C@H]([C@@H](O1)N2C=NC3=C(N=CN=C32)N)O)O,398.13723880400005,4,11,-3.2568999999999955,185.45999999999998,27,6,24,4.139220849002158,346,3.4564409460348915
1qd3,0.13793103448275862,0.2413793103448276,0.3448275862068966,0.27586206896551724,0.6206896551724138,-13.1,927,C([C@@H]1[C@H]([C@@H]([C@H]([C@H](O1)O)N)O)O)N,178.095356928,5,6,-3.2885999999999984,121.96000000000001,12,5,42,4.207178386803735,602,3.3431110811240576
2n0j,0.1111111111111111,0.37037037037037035,0.25925925925925924,0.25925925925925924,0.5185185185185185,-5.6,853,C1[C@H]([C@@H]([C@H]([C@@H]([C@H]1N)O[C@@H]2[C@@H]([C@H]([C@@H]([C@H](O2)CN)O)O)N)O[C@H]3[C@@H]([C@@H]([C@H](O3)CO)O)O)O)N,454.2274932879999,10,14,-6.652299999999998,262.37999999999994,31,14,20,4.306522841318217,319,3.41508326469522
5v3f,0.25806451612903225,0.06451612903225806,0.5161290322580645,0.16129032258064516,0.6774193548387096,-5.6,1105,C[N+]1=CC=C(C2=CC=CC=C21)C[C@H]3N(C4=CC=CC=C4S3)CC(=O)NCCOCCOCCOCCNC(=O)CCCC[C@H]5[C@@H]6[C@H](CS5)NC(=O)N6,751.33060177209,4,9,3.1532000000000027,134.14000000000001,52,4,386,4.170815942180501,1402,3.535599182200948
6e81,0.19444444444444445,0.1111111111111111,0.4722222222222222,0.2222222222222222,0.6944444444444444,-9.1,785,CC1=CC2=C(C=C1)[N+](=C(S2)C3=CC=C(C=C3)N(C)C)C,283.12634602809004,0,2,3.7672200000000027,7.12,20,0,0,,145,3.6034152369820873
3ds7,0.2537313432835821,0.1791044776119403,0.26865671641791045,0.29850746268656714,0.5671641791044776,-22.6,2853,CC(=O)O,60.021129368000004,1,1,0.09089999999999993,37.3,4,0,1386,4.160438067070198,3674,3.4556695571187412
2l94,0.24444444444444444,0.15555555555555556,0.3111111111111111,0.28888888888888886,0.6,-33.9,1455,C[NH+](C)CCC[NH+]=C(C1=CC=C(C=C1)C(=[NH+]CCC[NH+](C)C)N)N,336.29795083236,6,0,-5.672400000000008,88.86,24,0,0,,302,3.317372685271732
2b57,0.26153846153846155,0.26153846153846155,0.24615384615384617,0.23076923076923078,0.47692307692307695,-18.0,1379,CC(=O)O,60.021129368000004,1,1,0.09089999999999993,37.3,4,0,472,4.142301287808144,1196,3.4382898220286413
2kgp,0.2,0.24,0.28,0.28,0.56,-8.9,799,C1=CC(=C2C(=C1NCCNCCO)C(=O)C3=C(C=CC(=C3C2=O)O)O)NCCNCCO,444.20088461599994,8,10,-0.1392000000000001,163.18,32,0,35,3.9783952639382743,563,3.3970797694971235
2f4u,0.19047619047619047,0.14285714285714285,0.3333333333333333,0.3333333333333333,0.6666666666666666,-4.6,892,C1[C@@H]([C@H]([C@@H]([C@H]([C@@H]1NC(=O)[C@@H](CCN)O)OCCNCCCN)O)O[C@@H]2[C@@H]([C@H]([C@@H]([C@H](O2)CO)O)O)N)N,524.316976988,11,14,-6.252100000000007,274.04999999999995,36,11,98,4.206933718649163,233,3.4767642028187518
3la5,0.2676056338028169,0.29577464788732394,0.2112676056338028,0.22535211267605634,0.43661971830985913,-19.8,1503,C1=NC(=O)NC(=N1)N,112.038510748,2,4,-1.2529000000000006,84.66,8,0,656,4.2527528966851635,1653,3.4948403687849416
1uts,0.13793103448275862,0.20689655172413793,0.3448275862068966,0.3103448275862069,0.6551724137931034,-13.1,930,C1CCCCC1,84.093900384,0,0,2.3406000000000002,0.0,6,0,0,,287,3.3826779312263406
5kpy,0.2535211267605634,0.2535211267605634,0.2676056338028169,0.22535211267605634,0.49295774647887325,-22.6,1513,C1=CC2=C(C=C1O)C(=CN2)C[C@@H](C(=O)O)N,220.084792244,4,3,0.8278999999999999,99.33999999999999,16,1,241,4.169601440731639,1457,3.4404737515035557
4erj,0.20496894409937888,0.13664596273291926,0.39751552795031053,0.2608695652173913,0.6583850931677019,-77.5,3479,CCCCCC1=CC=C(C=C1)/C=C/C(=O)NC2=CC=CC=C2C(=O)O,337.16779359599997,2,2,4.769400000000004,66.4,25,0,29,4.050806879873896,72,3.503510134379809
5lwj,0.2727272727272727,0.12121212121212122,0.3333333333333333,0.2727272727272727,0.6060606060606061,-10.4,1068,C1=CC=CC=C1,78.046950192,0,0,1.6866,0.0,6,0,33,4.258853534549126,482,3.451236968354638
4xwf,0.1875,0.109375,0.390625,0.3125,0.703125,-29.7,1379,C1=NC(=C(N1[C@H]2[C@@H]([C@@H]([C@H](O2)COP(=O)(O)O)O)O)N)C(=O)N,338.06275007000005,6,9,-2.707299999999999,203.38000000000002,22,4,315,4.122741969555538,739,3.459013354390274
1yrj,0.17391304347826086,0.21739130434782608,0.30434782608695654,0.30434782608695654,0.6086956521739131,-4.6,952,CN[C@H]1[C@H]([C@@H]2[C@H](C[C@H]([C@H](O2)O[C@@H]3[C@H](C[C@H]([C@@H]([C@H]3O)O)N)N)N)O[C@@H]1O[C@@H]4[C@@H]([C@H]([C@@H]([C@H](O4)CO)N)O)O)O,539.2802571319999,11,16,-6.94930000000001,283.64,37,17,190,4.110843925032148,445,3.445302144045232
2ku0,0.13157894736842105,0.2631578947368421,0.2894736842105263,0.3157894736842105,0.6052631578947368,-10.7,1210,CCO,46.041864812,1,1,-0.0014000000000000123,20.23,3,0,9,4.053166017245064,391,3.4748114193283444
1i9v,0.24324324324324326,0.21621621621621623,0.2972972972972973,0.24324324324324326,0.5405405405405406,-23.6,1571,C1=CC(=CC=C1CC(C(=O)NCC(=O)O)N)O,238.095356928,4,4,-0.5372000000000003,112.65,17,1,95,4.108059845159642,439,3.491644549847389
2bee,0.19047619047619047,0.14285714285714285,0.3333333333333333,0.3333333333333333,0.6666666666666666,-4.6,898,C1[C@H]([C@@H]([C@H]([C@@H]([C@H]1N)O[C@@H]2[C@@H]([C@H]([C@@H]([C@H](O2)CO)O)O)N)O[C@H]3[C@@H](C([C@H](O3)CO)O[C@@H]4[C@@H]([C@H]([C@@H]([C@@H](O4)CN)O)O)N)OCCNCCCN)O)N,715.3963495039999,14,21,-8.899000000000022,374.36999999999995,49,19,152,4.18949201015247,376,3.5091693075985524
2lwk,0.21875,0.28125,0.28125,0.21875,0.5,-10.5,1023,COC1=C(C=C2C(=C1)C(=NC(=N2)N3CCNCC3)N)OC,289.153874848,2,7,0.6387999999999995,85.53000000000002,21,0,9,4.111525910598173,214,3.190940865817941
2f4t,0.19047619047619047,0.14285714285714285,0.3333333333333333,0.3333333333333333,0.6666666666666666,-4.6,932,C1[C@@H]([C@H]([C@@H]([C@H]([C@@H]1NC(=O)[C@@H](CCN)O)OCCNCCN)O)O[C@@H]2[C@@H]([C@H]([C@@H]([C@H](O2)CN)O)O)N)N,509.317311336,11,14,-6.675800000000012,279.84,35,11,17,4.164693685170403,83,3.560773753588371
4oqu,0.24742268041237114,0.07216494845360824,0.38144329896907214,0.29896907216494845,0.6804123711340206,-43.3,2100,C[S+](CC[C@@H](C(=O)[O-])N)C[C@@H]1[C@H]([C@H]([C@@H](O1)N2C=NC3=C(N=CN=C32)N)O)O,398.13723880400005,4,11,-3.2568999999999955,185.45999999999998,27,6,19,4.094909463913616,125,3.6070373473289172
1f1t,0.30303030303030304,0.0,0.3939393939393939,0.30303030303030304,0.696969696969697,-5.9,716,C1=C(C(=O)NC(=O)N1[C@H]2[C@@H]([C@@H]([C@H](O2)COP(=O)(O)O)O)O)Br,401.9463786939999,5,8,-1.9724000000000002,171.31,22,4,84,4.036832691920889,658,3.4924214084672025
1byj,0.14814814814814814,0.18518518518518517,0.3333333333333333,0.3333333333333333,0.6666666666666666,-11.1,867,C1C[C@H]([C@H](O[C@@H]1CN)O)N,146.105527688,3,4,-1.2301999999999982,81.5,10,3,14,4.1953798233601045,354,3.4638587490804995
6d2u,0.13793103448275862,0.20689655172413793,0.3448275862068966,0.3103448275862069,0.6551724137931034,-13.1,930,C1=CC(=C(C=C1C2=CC(=C(C=C2)N)N)N)N,214.12184644799999,4,4,1.6824000000000008,104.08,16,0,9,4.499037429306291,845,3.3779384447902006
2f4s,0.19047619047619047,0.14285714285714285,0.3333333333333333,0.3333333333333333,0.6666666666666666,-4.6,900,C1[C@H]([C@@H]([C@H]([C@@H]([C@H]1N)O[C@@H]2[C@@H]([C@H]([C@@H]([C@H](O2)CN)O)O)N)O)O)N,322.185234552,8,10,-5.115599999999994,203.46,22,10,58,4.233468964555266,141,3.445979472330914
1q8n,0.2631578947368421,0.13157894736842105,0.34210526315789475,0.2631578947368421,0.6052631578947368,-15.5,1231,CC(=O)OC1=CC=CC=C1C(=O)O,180.042258736,1,3,1.3101,63.60000000000001,13,0,0,,684,3.3622249530617467
4ts0,0.2558139534883721,0.11627906976744186,0.3953488372093023,0.23255813953488372,0.627906976744186,-8.5,1886,C[N+](C)(C)CCCl.[Cl-],157.042504776,0,0,-2.064599999999997,0.0,8,0,137,4.203559874696327,576,3.5017189996087756
1arj,0.13793103448275862,0.20689655172413793,0.3448275862068966,0.3103448275862069,0.6551724137931034,-13.1,930,C(C[C@@H](C(=O)O)N)CN=C(N)N,174.111675688,4,3,-1.548099999999999,127.71999999999998,12,1,4,3.593693762433275,211,3.4271885522036105
1uud,0.13793103448275862,0.20689655172413793,0.3448275862068966,0.3103448275862069,0.6551724137931034,-13.1,929,CC(=O)NCCC(=O)O,131.058243148,2,2,-0.4028000000000003,66.4,9,0,0,,332,3.3639985829633288
4ts2,0.2558139534883721,0.11627906976744186,0.3953488372093023,0.23255813953488372,0.627906976744186,-8.5,1878,C[N+](C)(C)CCCl.[Cl-],157.042504776,0,0,-2.064599999999997,0.0,8,0,63,4.186364164203545,417,3.471811251030326
4fe5,0.2537313432835821,0.23880597014925373,0.2537313432835821,0.2537313432835821,0.5074626865671642,-21.3,1422,C1=CC=C(C=C1)O,94.041864812,1,1,1.3921999999999997,20.23,7,0,821,4.208590946407764,2233,3.4853454425404036
5uee,0.2727272727272727,0.2727272727272727,0.2727272727272727,0.18181818181818182,0.45454545454545453,-1.7,470,CC1=CN(C(=O)N=C1N)[C@H]2[C@H]3[C@@H]([C@@](O2)(CO3)COP(=O)(O)O)O,349.0675011019999,4,9,-1.72948,166.36,23,4,36,4.222185818505876,201,3.52162049331462
2mxs,0.1111111111111111,0.37037037037037035,0.25925925925925924,0.25925925925925924,0.5185185185185185,-5.6,851,C[C@@H]1[C@H](C[C@H](C(O1)O)O)O,148.073558864,3,4,-1.1646000000000003,69.92,10,4,26,4.169482254824273,390,3.373151855623038
